{"0": ["MARIA", 1], "1": ["JOSE", 0], "2": ["ANA", 1], "3": ["JOAO", 0], "4": ["ANTONIO", 0], "5": ["FRANCISCO", 0], "6": ["CARLOS", 0], "7": ["PAULO", 0], "8": ["PEDRO", 0], "9": ["LUCAS", 0], "10": ["LUIZ", 0], "11": ["MARCOS", 0], "12": ["LUIS", 0], "13": ["GABRIEL", 0], "14": ["RAFAEL", 0], "15": ["FRANCISCA", 1], "16": ["DANIEL", 0], "17": ["MARCELO", 0], "18": ["BRUNO", 0], "19": ["EDUARDO", 0], "20": ["FELIPE", 0], "21": ["RAIMUNDO", 0], "22": ["RODRIGO", 0], "23": ["ANTONIA", 1], "24": ["MANOEL", 0], "25": ["MATEUS", 0], "26": ["ANDRE", 0], "27": ["ADRIANA", 1], "28": ["JULIANA", 1], "29": ["FERNANDO", 0], "30": ["MARCIA", 1], "31": ["FABIO", 0], "32": ["LEONARDO", 0], "33": ["GUSTAVO", 0], "34": ["FERNANDA", 1], "35": ["PATRICIA", 1], "36": ["GUILHERME", 0], "37": ["ALINE", 1], "38": ["LEANDRO", 0], "39": ["TIAGO", 0], "40": ["SANDRA", 1], "41": ["ANDERSON", 0], "42": ["CAMILA", 1], "43": ["RICARDO", 0], "44": ["MARCIO", 0], "45": ["AMANDA", 1], "46": ["JORGE", 0], "47": ["BRUNA", 1], "48": ["SEBASTIAO", 0], "49": ["JESSICA", 1], "50": ["ALEXANDRE", 0], "51": ["ROBERTO", 0], "52": ["LETICIA", 1], "53": ["JULIA", 1], "54": ["EDSON", 0], "55": ["LUCIANA", 1], "56": ["DIEGO", 0], "57": ["VITOR", 0], "58": ["VANESSA", 1], "59": ["SERGIO", 0], "60": ["MARIANA", 1], "61": ["GABRIELA", 1], "62": ["VERA", 1], "63": ["VITORIA", 1], "64": ["LARISSA", 1], "65": ["CLAUDIA", 1], "66": ["BEATRIZ", 1], "67": ["LUANA", 1], "68": ["RITA", 1], "69": ["SONIA", 1], "70": ["CLAUDIO", 0], "71": ["MATHEUS", 0], "72": ["RENATA", 1], "73": ["THIAGO", 0], "74": ["ELIANE", 1], "75": ["JOSEFA", 1], "76": ["SIMONE", 1], "77": ["GERALDO", 0], "78": ["ADRIANO", 0], "79": ["LUCIANO", 0], "80": ["JULIO", 0], "81": ["NATALIA", 1], "82": ["RENATO", 0], "83": ["CRISTIANE", 1], "84": ["CARLA", 1], "85": ["DEBORA", 1], "86": ["ALEX", 0], "87": ["ROSANGELA", 1], "88": ["JAQUELINE", 1], "89": ["ROSA", 1], "90": ["VINICIUS", 0], "91": ["DANIELA", 1], "92": ["APARECIDA", 1], "93": ["MARLENE", 1], "94": ["TEREZINHA", 1], "95": ["RAIMUNDA", 1], "96": ["ROGERIO", 0], "97": ["SAMUEL", 0], "98": ["ANDREIA", 1], "99": ["FABIANA", 1], "100": ["LUCIA", 1], "101": ["RAQUEL", 1], "102": ["ANGELA", 1], "103": ["RAFAELA", 1], "104": ["RONALDO", 0], "105": ["JOANA", 1], "106": ["MARIO", 0], "107": ["FLAVIO", 0], "108": ["IGOR", 0], "109": ["DOUGLAS", 0], "110": ["LUZIA", 1], "111": ["ELAINE", 1], "112": ["DAVI", 0], "113": ["JEFERSON", 0], "114": ["MANUEL", 0], "115": ["DANIELE", 1], "116": ["REGINA", 1], "117": ["CICERO", 0], "118": ["DAIANE", 1], "119": ["SUELI", 1], "120": ["ALESSANDRA", 1], "121": ["VICTOR", 0], "122": ["MIGUEL", 0], "123": ["ISABEL", 1], "124": ["ROBSON", 0], "125": ["MAURICIO", 0], "126": ["SARA", 1], "127": ["FLAVIA", 1], "128": ["BIANCA", 1], "129": ["DANILO", 0], "130": ["ERICA", 1], "131": ["VIVIANE", 1], "132": ["HENRIQUE", 0], "133": ["CAIO", 0], "134": ["REGINALDO", 0], "135": ["SILVANA", 1], "136": ["PRISCILA", 1], "137": ["PAULA", 1], "138": ["LUIZA", 1], "139": ["TEREZA", 1], "140": ["ISABELA", 1], "141": ["MARTA", 1], "142": ["JOAQUIM", 0], "143": ["BENEDITO", 0], "144": ["CAROLINE", 1], "145": ["GILBERTO", 0], "146": ["JANAINA", 1], "147": ["LAURA", 1], "148": ["MARLI", 1], "149": ["TATIANE", 1], "150": ["MARINA", 1], "151": ["MARCO", 0], "152": ["ALAN", 0], "153": ["SILVIA", 1], "154": ["MONICA", 1], "155": ["TAIS", 1], "156": ["MICHELE", 1], "157": ["NELSON", 0], "158": ["SOLANGE", 1], "159": ["EDNA", 1], "160": ["FATIMA", 1], "161": ["HELENA", 1], "162": ["CRISTIANO", 0], "163": ["CRISTINA", 1], "164": ["ALICE", 1], "165": ["CAROLINA", 1], "166": ["ROSANA", 1], "167": ["ELIAS", 0], "168": ["WILSON", 0], "169": ["VALDIR", 0], "170": ["ANDRESSA", 1], "171": ["CELIA", 1], "172": ["VALERIA", 1], "173": ["ELIANA", 1], "174": ["SABRINA", 1], "175": ["EMERSON", 0], "176": ["LUAN", 0], "177": ["ANDREA", 1], "178": ["DAVID", 0], "179": ["TANIA", 1], "180": ["RENAN", 0], "181": ["BARBARA", 1], "182": ["SEVERINO", 0], "183": ["THAIS", 1], "184": ["DENISE", 1], "185": ["ROSELI", 1], "186": ["FABRICIO", 0], "187": ["MAURO", 0], "188": ["GISELE", 1], "189": ["JONAS", 0], "190": ["MARILENE", 1], "191": ["KATIA", 1], "192": ["EVA", 1], "193": ["GILMAR", 0], "194": ["JEAN", 0], "195": ["FABIANO", 0], "196": ["MILENA", 1], "197": ["WESLEY", 0], "198": ["DIOGO", 0], "199": ["ADILSON", 0], "200": ["JAIR", 0], "201": ["EDUARDA", 1], "202": ["ALESSANDRO", 0], "203": ["EVERTON", 0], "204": ["OSVALDO", 0], "205": ["ELISANGELA", 1], "206": ["VILMA", 1], "207": ["GEOVANA", 1], "208": ["WILLIAN", 0], "209": ["GILSON", 0], "210": ["LUCIENE", 1], "211": ["JOEL", 0], "212": ["TAMIRES", 1], "213": ["ROBERTA", 1], "214": ["TATIANA", 1], "215": ["ELZA", 1], "216": ["TALITA", 1], "217": ["SILVIO", 0], "218": ["MARCELA", 1], "219": ["PAMELA", 1], "220": ["HELIO", 0], "221": ["IRENE", 1], "222": ["VANIA", 1], "223": ["JOSIANE", 1], "224": ["LIVIA", 1], "225": ["MAICON", 0], "226": ["REINALDO", 0], "227": ["PABLO", 0], "228": ["ARTUR", 0], "229": ["VAGNER", 0], "230": ["IVONE", 1], "231": ["CINTIA", 1], "232": ["VALTER", 0], "233": ["LAIS", 1], "234": ["IVAN", 0], "235": ["CELSO", 0], "236": ["TAINA", 1], "237": ["CLEITON", 0], "238": ["BENEDITA", 1], "239": ["SEBASTIANA", 1], "240": ["JOICE", 1], "241": ["VANDERLEI", 0], "242": ["ARTHUR", 0], "243": ["MIRIAN", 1], "244": ["VICENTE", 0], "245": ["MILTON", 0], "246": ["DOMINGOS", 0], "247": ["SANDRO", 0], "248": ["WAGNER", 0], "249": ["MOISES", 0], "250": ["GABRIELE", 1], "251": ["EDILSON", 0], "252": ["ELIZABETE", 1], "253": ["ADEMIR", 0], "254": ["ANGELICA", 1], "255": ["ADAO", 0], "256": ["BRENDA", 1], "257": ["EVANDRO", 0], "258": ["VERONICA", 1], "259": ["CESAR", 0], "260": ["KARINA", 1], "261": ["ROSILENE", 1], "262": ["NAIR", 1], "263": ["VALMIR", 0], "264": ["MURILO", 0], "265": ["JULIANO", 0], "266": ["NEUSA", 1], "267": ["MARGARIDA", 1], "268": ["NEUZA", 1], "269": ["EDVALDO", 0], "270": ["NEIDE", 1], "271": ["AILTON", 0], "272": ["RAISSA", 1], "273": ["JUNIOR", 0], "274": ["MAIARA", 1], "275": ["BRENO", 0], "276": ["NICOLAS", 0], "277": ["FRANCIELE", 1], "278": ["LORENA", 1], "279": ["SAMARA", 1], "280": ["RUAN", 0], "281": ["LILIAN", 1], "282": ["JANETE", 1], "283": ["CICERA", 1], "284": ["ALBERTO", 0], "285": ["GIOVANA", 1], "286": ["SEVERINA", 1], "287": ["CLEIDE", 1], "288": ["LARA", 1], "289": ["NICOLE", 1], "290": ["RUBENS", 0], "291": ["AUGUSTO", 0], "292": ["NILTON", 0], "293": ["CECILIA", 1], "294": ["YASMIN", 1], "295": ["CONCEICAO", 1], "296": ["CLEBER", 0], "297": ["OSMAR", 0], "298": ["INGRID", 1], "299": ["SELMA", 1], "300": ["LEILA", 1], "301": ["RAIANE", 1], "302": ["NILSON", 0], "303": ["ORLANDO", 0], "304": ["HUGO", 0], "305": ["OTAVIO", 0], "306": ["ESTER", 1], "307": ["VINICIOS", 0], "308": ["REGIANE", 1], "309": ["ITALO", 0], "310": ["MARISA", 1], "311": ["EUNICE", 1], "312": ["WILIAN", 0], "313": ["KELLY", 1], "314": ["TAINARA", 1], "315": ["ALISSON", 0], "316": ["IARA", 1], "317": ["APARECIDO", 0], "318": ["ISRAEL", 0], "319": ["JOELMA", 1], "320": ["MARINALVA", 1], "321": ["EDMILSON", 0], "322": ["TERESINHA", 1], "323": ["REBECA", 1], "324": ["GERALDA", 1], "325": ["JOSUE", 0], "326": ["CLEONICE", 1], "327": ["IRACI", 1], "328": ["ALEXANDRA", 1], "329": ["JENIFER", 1], "330": ["MARA", 1], "331": ["ELIZANGELA", 1], "332": ["LILIANE", 1], "333": ["LIDIA", 1], "334": ["IRACEMA", 1], "335": ["LIDIANE", 1], "336": ["MARILIA", 1], "337": ["GERSON", 0], "338": ["SHEILA", 1], "339": ["CAUA", 0], "340": ["NAIARA", 1], "341": ["INES", 1], "342": ["SIDNEI", 0], "343": ["POLIANA", 1], "344": ["DALVA", 1], "345": ["LURDES", 1], "346": ["EMANUEL", 0], "347": ["TERESA", 1], "348": ["ZILDA", 1], "349": ["VALDECI", 0], "350": ["LUCILENE", 1], "351": ["CLARA", 1], "352": ["ROSANE", 1], "353": ["JAIME", 0], "354": ["VALDEMAR", 0], "355": ["IVONETE", 1], "356": ["EDIVALDO", 0], "357": ["LUCIANE", 1], "358": ["ISADORA", 1], "359": ["ARNALDO", 0], "360": ["LUCIMAR", 1], "361": ["NILZA", 1], "362": ["CRISTIAN", 0], "363": ["MOACIR", 0], "364": ["ISMAEL", 0], "365": ["PALOMA", 1], "366": ["DAMIAO", 0], "367": ["MICHEL", 0], "368": ["ISAIAS", 0], "369": ["CARMEM", 1], "370": ["NIVALDO", 0], "371": ["SUELEN", 1], "372": ["JAIRO", 0], "373": ["ANGELO", 0], "374": ["ROSIMEIRE", 1], "375": ["JANE", 1], "376": ["VALDECIR", 0], "377": ["WELLINGTON", 0], "378": ["ALEXANDRO", 0], "379": ["CLEUSA", 1], "380": ["VANDA", 1], "381": ["ILDA", 1], "382": ["DENIS", 0], "383": ["VALDEMIR", 0], "384": ["ELIENE", 1], "385": ["WANDERSON", 0], "386": ["RIAN", 0], "387": ["CLAUDINEI", 0], "388": ["JAILSON", 0], "389": ["MAYARA", 1], "390": ["CELIO", 0], "391": ["DIANA", 1], "392": ["SOFIA", 1], "393": ["YURI", 0], "394": ["DENILSON", 0], "395": ["ARIANE", 1], "396": ["IAGO", 0], "397": ["MARIANE", 1], "398": ["SUZANA", 1], "399": ["EDER", 0], "400": ["CLARICE", 1], "401": ["DAIANA", 1], "402": ["CHARLES", 0], "403": ["MARLON", 0], "404": ["ALISON", 0], "405": ["ERIC", 0], "406": ["JONATAN", 0], "407": ["EDILENE", 1], "408": ["ELTON", 0], "409": ["WESLEI", 0], "410": ["MIRIAM", 1], "411": ["NATANAEL", 0], "412": ["ERICK", 0], "413": ["ELISABETE", 1], "414": ["ELIETE", 1], "415": ["KARINE", 1], "416": ["KAUAN", 0], "417": ["AGNALDO", 0], "418": ["ODETE", 1], "419": ["JUSSARA", 1], "420": ["IZABEL", 1], "421": ["LUISA", 1], "422": ["KAREN", 1], "423": ["ODAIR", 0], "424": ["GEOVANE", 0], "425": ["ALANA", 1], "426": ["CASSIA", 1], "427": ["MONIQUE", 1], "428": ["CATIA", 1], "429": ["WALTER", 0], "430": ["DEISE", 1], "431": ["ISABELE", 1], "432": ["ARLINDO", 0], "433": ["EVELIN", 1], "434": ["KEILA", 1], "435": ["MICHAEL", 0], "436": ["ADRIELE", 1], "437": ["ANDREZA", 1], "438": ["JOSEANE", 1], "439": ["ALVARO", 0], "440": ["LOURDES", 1], "441": ["YASMIM", 1], "442": ["EZEQUIEL", 0], "443": ["EVERALDO", 0], "444": ["ALMIR", 0], "445": ["ALZIRA", 1], "446": ["NADIR", 1], "447": ["CARINA", 1], "448": ["DARCI", 0], "449": ["ERIKA", 1], "450": ["IVO", 0], "451": ["ADEMAR", 0], "452": ["GISLAINE", 1], "453": ["RAMON", 0], "454": ["EMILY", 1], "455": ["JAMILE", 1], "456": ["CLAUDETE", 1], "457": ["CATARINA", 1], "458": ["FILIPE", 0], "459": ["WILLIAM", 0], "460": ["GESSICA", 1], "461": ["MANUELA", 1], "462": ["JONATAS", 0], "463": ["ELEN", 1], "464": ["GENI", 1], "465": ["TELMA", 1], "466": ["IVANILDO", 0], "467": ["ROMARIO", 0], "468": ["ARLETE", 1], "469": ["HELOISA", 1], "470": ["VALDIRENE", 1], "471": ["ELIZETE", 1], "472": ["VALQUIRIA", 1], "473": ["JACKSON", 0], "474": ["ELOISA", 1], "475": ["KAUA", 0], "476": ["NATAN", 0], "477": ["GILVAN", 0], "478": ["JOSIMAR", 0], "479": ["JONATHAN", 0], "480": ["ALFREDO", 0], "481": ["JULIANE", 1], "482": ["ZELIA", 1], "483": ["RAUL", 0], "484": ["DIRCE", 1], "485": ["EMILI", 1], "486": ["JANDIRA", 1], "487": ["BERNARDO", 0], "488": ["GEAN", 0], "489": ["FABIOLA", 1], "490": ["CARMEN", 1], "491": ["ESTEFANI", 1], "492": ["JOSIAS", 0], "493": ["REJANE", 1], "494": ["RODOLFO", 0], "495": ["AMELIA", 1], "496": ["MAIRA", 1], "497": ["LAZARO", 0], "498": ["LUCIO", 0], "499": ["VILMAR", 0], "500": ["ANNA", 1], "501": ["JEFFERSON", 0], "502": ["JURACI", 1], "503": ["ELISA", 1], "504": ["RUTE", 1], "505": ["ALCIDES", 0], "506": ["LUZINETE", 1], "507": ["ELIZABETH", 1], "508": ["IOLANDA", 1], "509": ["PRICILA", 1], "510": ["VALDOMIRO", 0], "511": ["ARMANDO", 0], "512": ["CASSIO", 0], "513": ["ROMULO", 0], "514": ["EDNALDO", 0], "515": ["WELITON", 0], "516": ["AIRTON", 0], "517": ["ROSALINA", 1], "518": ["MADALENA", 1], "519": ["LEIDIANE", 1], "520": ["ROSEANE", 1], "521": ["MAISA", 1], "522": ["OLGA", 1], "523": ["CAMILE", 1], "524": ["FABIANE", 1], "525": ["EMILIA", 1], "526": ["CLAUDEMIR", 0], "527": ["NADIA", 1], "528": ["CAIQUE", 0], "529": ["MARILDA", 1], "530": ["EDITE", 1], "531": ["WELINGTON", 0], "532": ["SIRLEI", 1], "533": ["PAOLA", 1], "534": ["VIVIAN", 1], "535": ["RICHARD", 0], "536": ["IRIS", 1], "537": ["NATHALIA", 1], "538": ["CLEUZA", 1], "539": ["VALDETE", 1], "540": ["LUCIMARA", 1], "541": ["PATRICK", 0], "542": ["TAMARA", 1], "543": ["LAERCIO", 0], "544": ["GLAUCIA", 1], "545": ["EDMAR", 0], "546": ["LIGIA", 1], "547": ["AFONSO", 0], "548": ["NUBIA", 1], "549": ["ROSE", 1], "550": ["NOEMIA", 1], "551": ["MARGARETE", 1], "552": ["DAMIANA", 1], "553": ["CLOVIS", 0], "554": ["SALETE", 1], "555": ["ADALBERTO", 0], "556": ["CELINA", 1], "557": ["NAYARA", 1], "558": ["ROSIANE", 1], "559": ["IVETE", 1], "560": ["JURANDIR", 0], "561": ["LUCINEIA", 1], "562": ["ENZO", 0], "563": ["GRAZIELE", 1], "564": ["ANGELINA", 1], "565": ["GLORIA", 1], "566": ["NORMA", 1], "567": ["ELENICE", 1], "568": ["EDGAR", 0], "569": ["ADRIANE", 1], "570": ["HILDA", 1], "571": ["EDIMILSON", 0], "572": ["IASMIN", 1], "573": ["ROSILDA", 1], "574": ["HUMBERTO", 0], "575": ["SAULO", 0], "576": ["CAUAN", 0], "577": ["SIDNEY", 0], "578": ["ALEXSANDRO", 0], "579": ["JUAN", 0], "580": ["MARISTELA", 1], "581": ["LUCINEIDE", 1], "582": ["EDINALDO", 0], "583": ["SIRLENE", 1], "584": ["SILMARA", 1], "585": ["RUTH", 1], "586": ["MARIZA", 1], "587": ["VICTORIA", 1], "588": ["SILVANIA", 1], "589": ["JONATA", 0], "590": ["ITAMAR", 0], "591": ["LINDOMAR", 0], "592": ["NILDA", 1], "593": ["ELLEN", 1], "594": ["IVANI", 1], "595": ["EVALDO", 0], "596": ["ELI", 0], "597": ["ANDRESA", 1], "598": ["MELISSA", 1], "599": ["KAIQUE", 0], "600": ["JEANE", 1], "601": ["ARI", 0], "602": ["ADAILTON", 0], "603": ["CREUZA", 1], "604": ["VILSON", 0], "605": ["LINDALVA", 1], "606": ["ROSINEIDE", 1], "607": ["JACIRA", 1], "608": ["DIVINO", 0], "609": ["JUAREZ", 0], "610": ["COSME", 0], "611": ["GABRIELI", 1], "612": ["DANIELI", 1], "613": ["GENIVALDO", 0], "614": ["DIRCEU", 0], "615": ["ERIK", 0], "616": ["IASMIM", 1], "617": ["JOYCE", 1], "618": ["ALAIDE", 1], "619": ["EDINA", 1], "620": ["AMILTON", 0], "621": ["VALDINEI", 0], "622": ["JOSILENE", 1], "623": ["ANDREI", 0], "624": ["JUDITE", 1], "625": ["MARINETE", 1], "626": ["DIVINA", 1], "627": ["OLIVIA", 1], "628": ["ROGER", 0], "629": ["LAURO", 0], "630": ["MICHELI", 1], "631": ["GRAZIELA", 1], "632": ["ROQUE", 0], "633": ["DILMA", 1], "634": ["KARLA", 1], "635": ["ELENA", 1], "636": ["CRISTIANA", 1], "637": ["MAURA", 1], "638": ["CARINE", 1], "639": ["JHONATAN", 0], "640": ["DIVA", 1], "641": ["IRANI", 1], "642": ["LORIVAL", 0], "643": ["GEANE", 1], "644": ["VANUSA", 1], "645": ["MAGNO", 0], "646": ["RAYANE", 1], "647": ["LEDA", 1], "648": ["DEIVID", 0], "649": ["ESTELA", 1], "650": ["DONIZETE", 0], "651": ["TAIANE", 1], "652": ["IVANETE", 1], "653": ["ROBERT", 0], "654": ["ERIVALDO", 0], "655": ["KELI", 1], "656": ["MARCUS", 0], "657": ["VIRGINIA", 1], "658": ["CARMELITA", 1], "659": ["RUI", 0], "660": ["WENDEL", 0], "661": ["HELEN", 1], "662": ["SAMIRA", 1], "663": ["EMANUELE", 1], "664": ["MILENE", 1], "665": ["JOELSON", 0], "666": ["NELI", 1], "667": ["ELIO", 0], "668": ["ALTAIR", 0], "669": ["OSCAR", 0], "670": ["DAYANE", 1], "671": ["STEFANI", 1], "672": ["ZENAIDE", 1], "673": ["INACIO", 0], "674": ["GIOVANNA", 1], "675": ["MEIRE", 1], "676": ["ANITA", 1], "677": ["ISAURA", 1], "678": ["JAILTON", 0], "679": ["ISAC", 0], "680": ["DOMINGAS", 1], "681": ["ADELIA", 1], "682": ["GEOVANI", 0], "683": ["FREDERICO", 0], "684": ["LAIANE", 1], "685": ["HEITOR", 0], "686": ["MARINES", 1], "687": ["VANDERLEIA", 1], "688": ["NATALI", 1], "689": ["ISABELLA", 1], "690": ["QUITERIA", 1], "691": ["GEORGE", 0], "692": ["SARAH", 1], "693": ["BERNADETE", 1], "694": ["AUREA", 1], "695": ["AMAURI", 0], "696": ["IAN", 0], "697": ["DANIELLE", 1], "698": ["ROMILDO", 0], "699": ["IVANILDA", 1], "700": ["JESUS", 0], "701": ["JOSIEL", 0], "702": ["KLEBER", 0], "703": ["KAIO", 0], "704": ["LEVI", 0], "705": ["LEONICE", 1], "706": ["ALDO", 0], "707": ["ANE", 1], "708": ["KEVIN", 0], "709": ["ISAQUE", 0], "710": ["FRANCIELI", 1], "711": ["SHIRLEY", 1], "712": ["IZABELA", 1], "713": ["AMARILDO", 0], "714": ["EDISON", 0], "715": ["MAGDA", 1], "716": ["EDILEUZA", 1], "717": ["EDIMAR", 0], "718": ["SILAS", 0], "719": ["ROSEMEIRE", 1], "720": ["MARIZETE", 1], "721": ["JOSELIA", 1], "722": ["LEANDRA", 1], "723": ["RYAN", 0], "724": ["ADENILSON", 0], "725": ["MAX", 0], "726": ["TALES", 0], "727": ["MESSIAS", 0], "728": ["MIRELA", 1], "729": ["WASHINGTON", 0], "730": ["ALCIONE", 1], "731": ["ELIZA", 1], "732": ["JOSENILDO", 0], "733": ["SUELY", 1], "734": ["LUCI", 1], "735": ["SALVADOR", 0], "736": ["FABRICIA", 1], "737": ["CIBELE", 1], "738": ["ADAIR", 0], "739": ["ELSON", 0], "740": ["AMARO", 0], "741": ["SOCORRO", 1], "742": ["DORALICE", 1], "743": ["SORAIA", 1], "744": ["ELISEU", 0], "745": ["EDERSON", 0], "746": ["GENILSON", 0], "747": ["ALDA", 1], "748": ["RAPHAEL", 0], "749": ["TARCISIO", 0], "750": ["GILMARA", 1], "751": ["JAINE", 1], "752": ["MARCILENE", 1], "753": ["ELIZEU", 0], "754": ["IRINEU", 0], "755": ["ZENILDA", 1], "756": ["MAYCON", 0], "757": ["MICHELLE", 1], "758": ["VANDERSON", 0], "759": ["ANGELITA", 1], "760": ["ADELAIDE", 1], "761": ["DULCE", 1], "762": ["WELINTON", 0], "763": ["ICARO", 0], "764": ["GIOVANI", 0], "765": ["EMILLY", 1], "766": ["DJALMA", 0], "767": ["CELMA", 1], "768": ["ILMA", 1], "769": ["VALDIVINO", 0], "770": ["ROSALIA", 1], "771": ["SILVANO", 0], "772": ["MANOELA", 1], "773": ["ERALDO", 0], "774": ["CLAUDINEIA", 1], "775": ["WALLACE", 0], "776": ["IONE", 1], "777": ["VALDEIR", 0], "778": ["EMILE", 1], "779": ["MICAEL", 0], "780": ["ELVIRA", 1], "781": ["LOURIVAL", 0], "782": ["DARIO", 0], "783": ["TALIA", 1], "784": ["ALLAN", 0], "785": ["NARA", 1], "786": ["GISLENE", 1], "787": ["LUCELIA", 1], "788": ["LAILA", 1], "789": ["JACSON", 0], "790": ["VANILDA", 1], "791": ["JUCILENE", 1], "792": ["ADELSON", 0], "793": ["ADRIAN", 0], "794": ["DIONE", 0], "795": ["GILDA", 1], "796": ["MATILDE", 1], "797": ["FAGNER", 0], "798": ["MARLUCE", 1], "799": ["GLEICE", 1], "800": ["EVELYN", 1], "801": ["DORIVAL", 0], "802": ["ESTEFANE", 1], "803": ["EDVAN", 0], "804": ["JOSEMAR", 0], "805": ["JUVENAL", 0], "806": ["JACIARA", 1], "807": ["NEIVA", 1], "808": ["ARIEL", 0], "809": ["KAUE", 0], "810": ["GENIVAL", 0], "811": ["IVANIR", 1], "812": ["LAISA", 1], "813": ["IURI", 0], "814": ["ROMILDA", 1], "815": ["SAMANTA", 1], "816": ["OLINDA", 1], "817": ["ROSIMERE", 1], "818": ["JANICE", 1], "819": ["YAGO", 0], "820": ["MARINEIDE", 1], "821": ["EVERSON", 0], "822": ["IEDA", 1], "823": ["BEATRIS", 1], "824": ["EDVANIA", 1], "825": ["LAVINIA", 1], "826": ["FRANCILENE", 1], "827": ["JUREMA", 1], "828": ["RAISA", 1], "829": ["ELANE", 1], "830": ["EUGENIO", 0], "831": ["GELSON", 0], "832": ["AGENOR", 0], "833": ["WALACE", 0], "834": ["LUDIMILA", 1], "835": ["ILZA", 1], "836": ["MARILZA", 1], "837": ["JARDEL", 0], "838": ["ADELINA", 1], "839": ["JADSON", 0], "840": ["GRACIELE", 1], "841": ["JOSEFINA", 1], "842": ["SHIRLEI", 1], "843": ["KELVIN", 0], "844": ["DALILA", 1], "845": ["EMANOEL", 0], "846": ["ADRIEL", 0], "847": ["IVANILDE", 1], "848": ["ROSIMAR", 1], "849": ["WILIAM", 0], "850": ["RONI", 0], "851": ["ELIEL", 0], "852": ["LEIA", 1], "853": ["RONALD", 0], "854": ["NOELI", 1], "855": ["ISAAC", 0], "856": ["NAIANE", 1], "857": ["GIOVANE", 0], "858": ["GETULIO", 0], "859": ["ABEL", 0], "860": ["JOSIVALDO", 0], "861": ["NOEMI", 1], "862": ["JENNIFER", 1], "863": ["CAUE", 0], "864": ["CAROLAINE", 1], "865": ["MARCELINO", 0], "866": ["NATALINA", 1], "867": ["EUCLIDES", 0], "868": ["CLEIDIANE", 1], "869": ["MARI", 1], "870": ["YAN", 0], "871": ["NAZARE", 1], "872": ["ALBERTINA", 1], "873": ["TAISA", 1], "874": ["YARA", 1], "875": ["MAGALI", 1], "876": ["AGUINALDO", 0], "877": ["KAROLINE", 1], "878": ["DARLAN", 0], "879": ["WEVERTON", 0], "880": ["KELY", 1], "881": ["MACIEL", 0], "882": ["WILMA", 1], "883": ["LARISA", 1], "884": ["EDIVANIA", 1], "885": ["EXPEDITO", 0], "886": ["CLODOALDO", 0], "887": ["ENIO", 0], "888": ["ELVIS", 0], "889": ["ALOISIO", 0], "890": ["EDIVAN", 0], "891": ["VALDELICE", 1], "892": ["CLAUDIANE", 1], "893": ["CREUSA", 1], "894": ["JUCELIA", 1], "895": ["GEISA", 1], "896": ["LILIA", 1], "897": ["KAUANE", 1], "898": ["CRISLAINE", 1], "899": ["TULIO", 0], "900": ["MARLY", 1], "901": ["EDNALVA", 1], "902": ["ADELINO", 0], "903": ["ROSENILDA", 1], "904": ["TADEU", 0], "905": ["CLEIA", 1], "906": ["ANNE", 1], "907": ["EDINALVA", 1], "908": ["BERENICE", 1], "909": ["IVANA", 1], "910": ["CLAUDIONOR", 0], "911": ["FRANCINE", 1], "912": ["JHONATA", 0], "913": ["SAVIO", 0], "914": ["EDINEIA", 1], "915": ["VANUZA", 1], "916": ["LUDMILA", 1], "917": ["JUCELINO", 0], "918": ["KAMILA", 1], "919": ["LENI", 1], "920": ["WILTON", 0], "921": ["LINDINALVA", 1], "922": ["RIVALDO", 0], "923": ["GIVALDO", 0], "924": ["VALDENIR", 0], "925": ["RENE", 0], "926": ["CAROL", 1], "927": ["SUSANA", 1], "928": ["AGATA", 1], "929": ["ZILMA", 1], "930": ["FRANCINETE", 1], "931": ["MARIVALDO", 0], "932": ["KAILANE", 1], "933": ["ALICIA", 1], "934": ["GUILERME", 0], "935": ["JESICA", 1], "936": ["HUDSON", 0], "937": ["ARIANA", 1], "938": ["ISABELI", 1], "939": ["LEONILDA", 1], "940": ["ELIS", 1], "941": ["ZULEIDE", 1], "942": ["NILVA", 1], "943": ["RAYSSA", 1], "944": ["MARCIEL", 0], "945": ["SANTA", 1], "946": ["ALDAIR", 0], "947": ["VALDINEIA", 1], "948": ["OSWALDO", 0], "949": ["IDALINA", 1], "950": ["MERCIA", 1], "951": ["ELDER", 0], "952": ["KESIA", 1], "953": ["AROLDO", 0], "954": ["EDILAINE", 1], "955": ["KENIA", 1], "956": ["MAURILIO", 0], "957": ["HIGOR", 0], "958": ["SOPHIA", 1], "959": ["JULIETA", 1], "960": ["ENI", 1], "961": ["PIETRO", 0], "962": ["RUBIA", 1], "963": ["JACI", 1], "964": ["MARCILIO", 0], "965": ["MERCEDES", 1], "966": ["SUELEM", 1], "967": ["STEFANY", 1], "968": ["ADALTO", 0], "969": ["DORACI", 1], "970": ["MARCIANO", 0], "971": ["CASSIANO", 0], "972": ["ELISABETH", 1], "973": ["ERNESTO", 0], "974": ["NELCI", 1], "975": ["GABRIELLE", 1], "976": ["GLEISON", 0], "977": ["LEONOR", 1], "978": ["IRMA", 1], "979": ["OTACILIO", 0], "980": ["LENIR", 1], "981": ["ANTENOR", 0], "982": ["ELISETE", 1], "983": ["HELLEN", 1], "984": ["JESSE", 0], "985": ["JANIO", 0], "986": ["SIDINEI", 0], "987": ["ADEMILSON", 0], "988": ["RAI", 0], "989": ["CLARISSE", 1], "990": ["THAINA", 1], "991": ["GUIOMAR", 1], "992": ["CLAUDIANA", 1], "993": ["ELCIO", 0], "994": ["EMILIO", 0], "995": ["GIVANILDO", 0], "996": ["IVANEIDE", 1], "997": ["CEZAR", 0], "998": ["THALITA", 1], "999": ["ABRAAO", 0]}